-- phpMyAdmin SQL Dump
-- version 4.5.1
-- http://www.phpmyadmin.net
--
-- Host: 127.0.0.1
-- Generation Time: Apr 25, 2018 at 08:52 AM
-- Server version: 10.1.9-MariaDB
-- PHP Version: 5.6.15

SET SQL_MODE = "NO_AUTO_VALUE_ON_ZERO";
SET time_zone = "+00:00";


/*!40101 SET @OLD_CHARACTER_SET_CLIENT=@@CHARACTER_SET_CLIENT */;
/*!40101 SET @OLD_CHARACTER_SET_RESULTS=@@CHARACTER_SET_RESULTS */;
/*!40101 SET @OLD_COLLATION_CONNECTION=@@COLLATION_CONNECTION */;
/*!40101 SET NAMES utf8mb4 */;

--
-- Database: `4322`
--

-- --------------------------------------------------------

--
-- Table structure for table `audit`
--

CREATE TABLE `audit` (
  `id` int(11) NOT NULL,
  `user` int(11) NOT NULL,
  `page` varchar(255) NOT NULL,
  `timestamp` timestamp NOT NULL DEFAULT CURRENT_TIMESTAMP ON UPDATE CURRENT_TIMESTAMP,
  `ip` varchar(255) NOT NULL,
  `viewed` int(1) NOT NULL
) ENGINE=InnoDB DEFAULT CHARSET=latin1;

--
-- Dumping data for table `audit`
--

INSERT INTO `audit` (`id`, `user`, `page`, `timestamp`, `ip`, `viewed`) VALUES
(1, 1, '42', '2017-02-20 17:31:13', '::1', 0),
(2, 0, '44', '2017-08-14 17:32:22', '::1', 0),
(3, 0, '4', '2017-09-16 17:53:58', '::1', 0),
(4, 0, '4', '2017-10-09 15:41:11', '192.168.0.222', 0);

-- --------------------------------------------------------

--
-- Table structure for table `crons`
--

CREATE TABLE `crons` (
  `id` int(11) NOT NULL,
  `active` int(1) NOT NULL DEFAULT '1',
  `sort` int(3) NOT NULL,
  `name` varchar(255) NOT NULL,
  `file` varchar(255) NOT NULL,
  `createdby` int(11) NOT NULL,
  `created` datetime DEFAULT NULL,
  `modified` timestamp NOT NULL DEFAULT CURRENT_TIMESTAMP ON UPDATE CURRENT_TIMESTAMP
) ENGINE=InnoDB DEFAULT CHARSET=latin1;

--
-- Dumping data for table `crons`
--

INSERT INTO `crons` (`id`, `active`, `sort`, `name`, `file`, `createdby`, `created`, `modified`) VALUES
(1, 0, 100, 'Auto-Backup', 'backup.php', 1, '2017-09-16 07:49:22', '2017-11-11 20:15:36');

-- --------------------------------------------------------

--
-- Table structure for table `crons_logs`
--

CREATE TABLE `crons_logs` (
  `id` int(11) NOT NULL,
  `cron_id` int(11) NOT NULL,
  `datetime` timestamp NOT NULL DEFAULT CURRENT_TIMESTAMP ON UPDATE CURRENT_TIMESTAMP,
  `user_id` int(11) NOT NULL
) ENGINE=InnoDB DEFAULT CHARSET=latin1;

-- --------------------------------------------------------

--
-- Table structure for table `email`
--

CREATE TABLE `email` (
  `id` int(11) NOT NULL,
  `website_name` varchar(100) NOT NULL,
  `smtp_server` varchar(100) NOT NULL,
  `smtp_port` int(10) NOT NULL,
  `email_login` varchar(150) NOT NULL,
  `email_pass` varchar(100) NOT NULL,
  `from_name` varchar(100) NOT NULL,
  `from_email` varchar(150) NOT NULL,
  `transport` varchar(255) NOT NULL,
  `verify_url` varchar(255) NOT NULL,
  `email_act` int(1) NOT NULL,
  `debug_level` int(1) NOT NULL DEFAULT '0',
  `isSMTP` int(1) NOT NULL DEFAULT '0',
  `isHTML` varchar(5) NOT NULL DEFAULT 'true',
  `useSMTPauth` varchar(6) NOT NULL DEFAULT 'true'
) ENGINE=InnoDB DEFAULT CHARSET=utf8;

--
-- Dumping data for table `email`
--

INSERT INTO `email` (`id`, `website_name`, `smtp_server`, `smtp_port`, `email_login`, `email_pass`, `from_name`, `from_email`, `transport`, `verify_url`, `email_act`, `debug_level`, `isSMTP`, `isHTML`, `useSMTPauth`) VALUES
(1, 'User Spice', 'smtp.gmail.com', 587, 'yourEmail@gmail.com', '1234', 'User Spice', 'yourEmail@gmail.com', 'tls', 'http://localhost/43', 0, 0, 0, 'true', 'true');

-- --------------------------------------------------------

--
-- Table structure for table `groups_menus`
--

CREATE TABLE `groups_menus` (
  `id` int(11) NOT NULL,
  `group_id` int(15) NOT NULL,
  `menu_id` int(15) NOT NULL
) ENGINE=MyISAM DEFAULT CHARSET=latin1;

--
-- Dumping data for table `groups_menus`
--

INSERT INTO `groups_menus` (`id`, `group_id`, `menu_id`) VALUES
(30, 2, 9),
(29, 0, 8),
(28, 0, 7),
(27, 0, 21),
(5, 0, 3),
(6, 0, 1),
(7, 0, 2),
(8, 0, 51),
(9, 0, 52),
(10, 0, 37),
(11, 0, 38),
(12, 2, 39),
(13, 2, 40),
(14, 2, 41),
(15, 2, 42),
(16, 2, 43),
(17, 2, 44),
(18, 2, 45),
(19, 0, 46),
(20, 0, 47),
(21, 0, 49),
(26, 0, 20),
(25, 0, 18),
(31, 2, 10),
(32, 2, 11),
(33, 2, 12),
(34, 2, 13),
(35, 2, 14),
(36, 2, 15),
(37, 0, 16);

-- --------------------------------------------------------

--
-- Table structure for table `keys`
--

CREATE TABLE `keys` (
  `id` int(11) NOT NULL,
  `stripe_ts` varchar(255) NOT NULL,
  `stripe_tp` varchar(255) NOT NULL,
  `stripe_ls` varchar(255) NOT NULL,
  `stripe_lp` varchar(255) NOT NULL,
  `recap_pub` varchar(100) NOT NULL,
  `recap_pri` varchar(100) NOT NULL
) ENGINE=InnoDB DEFAULT CHARSET=utf8;

-- --------------------------------------------------------

--
-- Table structure for table `logs`
--

CREATE TABLE `logs` (
  `id` int(11) NOT NULL,
  `user_id` int(3) NOT NULL,
  `logdate` timestamp NOT NULL DEFAULT CURRENT_TIMESTAMP ON UPDATE CURRENT_TIMESTAMP,
  `logtype` varchar(25) NOT NULL,
  `lognote` text NOT NULL
) ENGINE=MyISAM DEFAULT CHARSET=latin1;

--
-- Dumping data for table `logs`
--

INSERT INTO `logs` (`id`, `user_id`, `logdate`, `logtype`, `lognote`) VALUES
(79, 1, '2018-04-26 00:51:08', 'System Updates', 'Reformatted existing vericodes'),
(80, 1, '2018-04-26 00:51:08', 'System Updates', 'Update 3GJYaKcqUtw7 successfully deployed.'),
(81, 1, '2018-04-26 00:51:08', 'System Updates', 'Updated old Blacklisted logs to IP Logging type.'),
(82, 1, '2018-04-26 00:51:08', 'System Updates', 'Added cloaking to users.'),
(83, 1, '2018-04-26 00:51:08', 'System Updates', 'Update 2XQjsKYJAfn1 successfully deployed.'),
(84, 1, '2018-04-26 00:51:08', 'System Updates', 'Updated force_notif to 0 if you had not set it already.'),
(85, 1, '2018-04-26 00:51:08', 'System Updates', 'Update 549DLFeHMNw7 successfully deployed.'),
(86, 1, '2018-04-26 00:51:08', 'System Updates', 'Added registration to settings.'),
(87, 1, '2018-04-26 00:51:08', 'System Updates', 'Update 4Dgt2XVjgz2x successfully deployed.'),
(88, 1, '2018-04-26 00:51:08', 'System Updates', 'Added Vericode Expiry to Users Table.'),
(89, 1, '2018-04-26 00:51:08', 'System Updates', 'Reformatted exiting page titles only if they weren''t modified.'),
(90, 1, '2018-04-26 00:51:08', 'System Updates', 'Update VLBp32gTWvEo successfully deployed.'),
(91, 1, '2018-04-26 00:51:08', 'System Updates', 'Update Q3KlhjdtxE5X successfully deployed.'),
(92, 1, '2018-04-26 00:51:08', 'System Updates', 'Added join_vericode_expiry and reset_vericode_expiry to settings table.'),
(93, 1, '2018-04-26 00:51:08', 'System Updates', 'Update ug5D3pVrNvfS successfully deployed.'),
(94, 1, '2018-04-26 00:51:09', 'System Updates', 'Added pin to users, admin_verify and admin_verify_timeout to settings'),
(95, 1, '2018-04-26 00:51:09', 'System Updates', 'Added admin_pin page to pages table'),
(96, 1, '2018-04-26 00:51:09', 'System Updates', 'Update 69FbVbv4Jtrz successfully deployed.'),
(97, 1, '2018-04-26 00:51:09', 'System Updates', 'Added twoDate to users'),
(98, 1, '2018-04-26 00:51:09', 'System Updates', 'Update 4A6BdJHyvP4a successfully deployed.'),
(99, 1, '2018-04-26 00:51:09', 'System Updates', 'Update 37wvsb5BzymK successfully deployed.'),
(100, 1, '2018-04-26 00:51:09', 'System Updates', 'Alert only: Failure dropping fingerprint_assets Error: ERROR #42S02: Unknown table ''4322.fingerprint_assets'''),
(101, 1, '2018-04-26 00:51:09', 'System Updates', 'Alert only: Failure dropping Fingerprint_Assets Error: ERROR #42S02: Unknown table ''4322.fingerprint_assets'''),
(102, 1, '2018-04-26 00:51:09', 'System Updates', 'Alert only: Failure dropping fingerprints Error: ERROR #42S02: Unknown table ''4322.fingerprints'''),
(103, 1, '2018-04-26 00:51:09', 'System Updates', 'Alert only: Failure dropping Fingerprints Error: ERROR #42S02: Unknown table ''4322.fingerprints'''),
(104, 1, '2018-04-26 00:51:09', 'System Updates', 'Alert only: Failure dropping us_fingerprints Error: ERROR #42S02: Unknown table ''4322.us_fingerprints'''),
(105, 1, '2018-04-26 00:51:09', 'System Updates', 'Created table us_fingerprints'),
(106, 1, '2018-04-26 00:51:09', 'System Updates', 'Set kFingerprintID to Auto Increment'),
(107, 1, '2018-04-26 00:51:09', 'System Updates', 'Created table us_fingerprint_assets'),
(108, 1, '2018-04-26 00:51:09', 'System Updates', 'Set kFingerprintAssetID to Auto Increment'),
(109, 1, '2018-04-26 00:51:09', 'System Updates', 'Update c7tZQf926zKq successfully deployed.'),
(110, 1, '2018-04-26 00:51:09', 'System Updates', 'Allowed password to be NULL'),
(111, 1, '2018-04-26 00:51:09', 'System Updates', 'Update ockrg4eU33GP successfully deployed.'),
(112, 1, '2018-04-26 00:51:09', 'System Updates', 'Created table us_user_sessions'),
(113, 1, '2018-04-26 00:51:09', 'System Updates', 'Added session_manager to settings table.'),
(114, 1, '2018-04-26 00:51:09', 'System Updates', 'Updated session_manager to enabled.'),
(115, 1, '2018-04-26 00:51:09', 'System Updates', 'Added users/manage_sessions.php to pages table.'),
(116, 1, '2018-04-26 00:51:09', 'System Updates', 'Added permissions to users/manage_sessions.php.'),
(117, 1, '2018-04-26 00:51:09', 'System Updates', 'Added users/admin_manage_sessions.php to pages table.'),
(118, 1, '2018-04-26 00:51:09', 'System Updates', 'Added permissions to users/admin_manage_sessions.php.'),
(119, 1, '2018-04-26 00:51:09', 'System Updates', 'Update XX4zArPs4tor successfully deployed.');

-- --------------------------------------------------------

--
-- Table structure for table `logs_exempt`
--

CREATE TABLE `logs_exempt` (
  `id` int(11) NOT NULL,
  `name` varchar(255) NOT NULL,
  `createdby` int(11) NOT NULL,
  `created` timestamp NOT NULL DEFAULT CURRENT_TIMESTAMP ON UPDATE CURRENT_TIMESTAMP
) ENGINE=MyISAM DEFAULT CHARSET=latin1;

-- --------------------------------------------------------

--
-- Table structure for table `menus`
--

CREATE TABLE `menus` (
  `id` int(10) NOT NULL,
  `menu_title` varchar(255) NOT NULL,
  `parent` int(10) NOT NULL,
  `dropdown` int(1) NOT NULL,
  `logged_in` int(1) NOT NULL,
  `display_order` int(10) NOT NULL,
  `label` varchar(255) NOT NULL,
  `link` varchar(255) NOT NULL,
  `icon_class` varchar(255) NOT NULL
) ENGINE=MyISAM DEFAULT CHARSET=latin1;

--
-- Dumping data for table `menus`
--

INSERT INTO `menus` (`id`, `menu_title`, `parent`, `dropdown`, `logged_in`, `display_order`, `label`, `link`, `icon_class`) VALUES
(1, 'main', 2, 0, 1, 1, 'Home', '', 'fa fa-fw fa-home'),
(2, 'main', -1, 1, 1, 14, '', '', 'fa fa-fw fa-cogs'),
(3, 'main', -1, 0, 1, 11, '{{username}}', 'users/account.php', 'fa fa-fw fa-user'),
(4, 'main', -1, 1, 0, 3, 'Help', '', 'fa fa-fw fa-life-ring'),
(5, 'main', -1, 0, 0, 2, 'Register', 'users/join.php', 'fa fa-fw fa-plus-square'),
(6, 'main', -1, 0, 0, 1, 'Log In', 'users/login.php', 'fa fa-fw fa-sign-in'),
(7, 'main', 2, 0, 1, 2, 'Account', 'users/account.php', 'fa fa-fw fa-user'),
(8, 'main', 2, 0, 1, 3, '{{hr}}', '', ''),
(9, 'main', 2, 0, 1, 4, 'Admin Dashboard', 'users/admin.php', 'fa fa-fw fa-cogs'),
(10, 'main', 2, 0, 1, 5, 'User Management', 'users/admin_users.php', 'fa fa-fw fa-user'),
(11, 'main', 2, 0, 1, 6, 'Permissions Manager', 'users/admin_permissions.php', 'fa fa-fw fa-lock'),
(12, 'main', 2, 0, 1, 7, 'Page Management', 'users/admin_pages.php', 'fa fa-fw fa-wrench'),
(13, 'main', 2, 0, 1, 8, 'Messages Manager', 'users/admin_messages.php', 'fa fa-fw fa-envelope'),
(14, 'main', 2, 0, 1, 9, 'System Logs', 'users/admin_logs.php', 'fa fa-fw fa-search'),
(15, 'main', 2, 0, 1, 10, '{{hr}}', '', ''),
(16, 'main', 2, 0, 1, 11, 'Logout', 'users/logout.php', 'fa fa-fw fa-sign-out'),
(17, 'main', -1, 0, 0, 0, 'Home', '', 'fa fa-fw fa-home'),
(18, 'main', -1, 0, 1, 10, 'Home', '', 'fa fa-fw fa-home'),
(19, 'main', 4, 0, 0, 1, 'Forgot Password', 'users/forgot_password.php', 'fa fa-fw fa-wrench'),
(20, 'main', -1, 0, 1, 12, '{{notifications}}', '', ''),
(21, 'main', -1, 0, 1, 13, '{{messages}}', '', ''),
(22, 'main', 4, 0, 0, 99999, 'Resend Activation Email', 'users/verify_resend.php', 'fa fa-exclamation-triangle');

-- --------------------------------------------------------

--
-- Table structure for table `messages`
--

CREATE TABLE `messages` (
  `id` int(11) NOT NULL,
  `msg_from` int(11) NOT NULL,
  `msg_to` int(11) NOT NULL,
  `msg_body` text NOT NULL,
  `msg_read` int(1) NOT NULL,
  `msg_thread` int(11) NOT NULL,
  `deleted` int(1) NOT NULL,
  `sent_on` datetime NOT NULL
) ENGINE=InnoDB DEFAULT CHARSET=latin1;

--
-- Dumping data for table `messages`
--

INSERT INTO `messages` (`id`, `msg_from`, `msg_to`, `msg_body`, `msg_read`, `msg_thread`, `deleted`, `sent_on`) VALUES
(1, 1, 2, '&lt;p&gt;fgds&lt;/p&gt;', 0, 1, 0, '2017-08-06 00:13:47'),
(2, 1, 2, '&lt;p&gt;Did it work?&lt;/p&gt;', 0, 2, 0, '2017-09-09 15:10:09');

-- --------------------------------------------------------

--
-- Table structure for table `message_threads`
--

CREATE TABLE `message_threads` (
  `id` int(11) NOT NULL,
  `msg_to` int(11) NOT NULL,
  `msg_from` int(11) NOT NULL,
  `msg_subject` varchar(255) NOT NULL,
  `last_update` datetime NOT NULL,
  `last_update_by` int(11) NOT NULL,
  `archive_from` int(1) NOT NULL DEFAULT '0',
  `archive_to` int(1) NOT NULL DEFAULT '0',
  `hidden_from` int(1) NOT NULL DEFAULT '0',
  `hidden_to` int(1) NOT NULL DEFAULT '0'
) ENGINE=InnoDB DEFAULT CHARSET=latin1;

--
-- Dumping data for table `message_threads`
--

INSERT INTO `message_threads` (`id`, `msg_to`, `msg_from`, `msg_subject`, `last_update`, `last_update_by`, `archive_from`, `archive_to`, `hidden_from`, `hidden_to`) VALUES
(1, 2, 1, 'Testiing123', '2017-08-06 00:13:47', 1, 0, 0, 0, 0),
(2, 2, 1, 'Testing Message Badge', '2017-09-09 15:10:09', 1, 0, 0, 0, 0);

-- --------------------------------------------------------

--
-- Table structure for table `mqtt`
--

CREATE TABLE `mqtt` (
  `id` int(11) NOT NULL,
  `server` varchar(255) NOT NULL,
  `port` int(11) NOT NULL,
  `username` varchar(255) NOT NULL,
  `password` varchar(255) NOT NULL,
  `nickname` varchar(255) NOT NULL
) ENGINE=InnoDB DEFAULT CHARSET=latin1;

--
-- Dumping data for table `mqtt`
--

INSERT INTO `mqtt` (`id`, `server`, `port`, `username`, `password`, `nickname`) VALUES
(2, '192.168.0.222', 1883, '', '', 'Raspberry PI MQTT2');

-- --------------------------------------------------------

--
-- Table structure for table `notifications`
--

CREATE TABLE `notifications` (
  `id` int(11) UNSIGNED NOT NULL,
  `user_id` int(11) NOT NULL,
  `message` mediumtext NOT NULL,
  `is_read` tinyint(4) NOT NULL,
  `is_archived` tinyint(1) DEFAULT '0',
  `date_created` datetime DEFAULT NULL,
  `date_read` datetime DEFAULT NULL,
  `last_updated` timestamp NOT NULL DEFAULT CURRENT_TIMESTAMP ON UPDATE CURRENT_TIMESTAMP
) ENGINE=InnoDB DEFAULT CHARSET=utf8;

-- --------------------------------------------------------

--
-- Table structure for table `pages`
--

CREATE TABLE `pages` (
  `id` int(11) NOT NULL,
  `page` varchar(100) NOT NULL,
  `title` varchar(50) NOT NULL,
  `private` int(11) NOT NULL DEFAULT '0',
  `re_auth` int(1) NOT NULL DEFAULT '0'
) ENGINE=InnoDB DEFAULT CHARSET=utf8;

--
-- Dumping data for table `pages`
--

INSERT INTO `pages` (`id`, `page`, `title`, `private`, `re_auth`) VALUES
(1, 'index.php', 'Home', 0, 0),
(2, 'z_us_root.php', '', 0, 0),
(3, 'users/account.php', 'Account Dashboard', 1, 0),
(4, 'users/admin.php', 'Admin Dashboard', 1, 0),
(5, 'users/admin_page.php', 'Pages Manager', 1, 0),
(6, 'users/admin_pages.php', 'Pages Manager', 1, 0),
(7, 'users/admin_permission.php', 'Permissions Manager', 1, 0),
(8, 'users/admin_permissions.php', 'Permissions Manager', 1, 0),
(9, 'users/admin_user.php', 'User Manager', 1, 0),
(10, 'users/admin_users.php', 'User Manager', 1, 1),
(11, 'users/edit_profile.php', 'Edit Profile', 1, 0),
(12, 'users/email_settings.php', 'Email Settings', 1, 0),
(13, 'users/email_test.php', 'Email Test', 1, 0),
(14, 'users/forgot_password.php', 'Forgotten Password', 0, 0),
(15, 'users/forgot_password_reset.php', 'Reset Forgotten Password', 0, 0),
(16, 'users/index.php', 'Home', 0, 0),
(17, 'users/init.php', '', 0, 0),
(18, 'users/join.php', 'Join', 0, 0),
(19, 'users/joinThankYou.php', 'Join', 0, 0),
(20, 'users/login.php', 'Login', 0, 0),
(21, 'users/logout.php', 'Logout', 0, 0),
(22, 'users/profile.php', 'Profile', 1, 0),
(23, 'users/times.php', '', 0, 0),
(24, 'users/user_settings.php', 'User Settings', 1, 0),
(25, 'users/verify.php', 'Account Verification', 0, 0),
(26, 'users/verify_resend.php', 'Account Verification', 0, 0),
(27, 'users/view_all_users.php', 'View All Users', 1, 0),
(28, 'usersc/empty.php', '', 0, 0),
(31, 'users/oauth_success.php', '', 0, 0),
(33, 'users/fb-callback.php', '', 0, 0),
(37, 'users/check_updates.php', 'Check For Updates', 1, 0),
(38, 'users/google_helpers.php', '', 0, 0),
(39, 'users/tomfoolery.php', 'Security Log', 1, 0),
(41, 'users/messages.php', 'Messages', 1, 0),
(42, 'users/message.php', 'Messages', 1, 0),
(44, 'users/admin_backup.php', 'Backup Manager', 1, 0),
(45, 'users/maintenance.php', 'Maintenance', 0, 0),
(47, 'users/mqtt_settings.php', 'MQTT Settings', 1, 0),
(49, 'users/admin_verify.php', 'Password Verification', 1, 0),
(50, 'users/cron_manager.php', 'Cron Manager', 1, 0),
(51, 'users/cron_post.php', '', 1, 0),
(52, 'users/admin_message.php', 'Messages Manager', 1, 0),
(53, 'users/admin_messages.php', 'Messages Manager', 1, 0),
(55, 'users/admin_logs.php', 'Logs Manager', 1, 0),
(56, 'users/admin_logs_exempt.php', 'Logs Manager', 1, 0),
(57, 'users/admin_logs_manager.php', 'Logs Manager', 1, 0),
(58, 'users/admin_logs_mapper.php', 'Logs Manager', 1, 0),
(68, 'users/update.php', 'Update Manager', 1, 0),
(69, 'users/admin_menu_item.php', 'Menu Manager', 1, 0),
(70, 'users/admin_menus.php', 'Menu Manager', 1, 0),
(71, 'users/admin_menu.php', 'Menu Manager', 1, 0),
(72, 'users/admin_ips.php', 'IP Manager', 1, 0),
(73, 'users/subscribe.php', '', 1, 0),
(74, 'users/admin_notifications.php', 'Notifications Manager', 1, 0),
(75, 'users/enable2fa.php', 'Two Factor Authentication', 1, 0),
(76, 'users/enable2fa.php', 'Enable 2 Factor Auth', 1, 0),
(77, 'users/disable2fa.php', 'Disable 2 Factor Auth', 1, 0),
(78, 'users/admin_forms.php', 'Form Manager', 1, 0),
(79, 'users/admin_form_views.php', 'Form View Manager', 1, 0),
(80, 'users/edit_form.php', 'Form Editor', 1, 0),
(81, 'users/admin_pin.php', 'Verification PIN Set', 1, 0),
(82, 'users/manage2fa.php', 'Manage Two FA', 1, 0),
(83, 'users/manage_sessions.php', 'Session Manage', 1, 0),
(84, 'users/admin_manage_sessions.php', 'Session Manage', 1, 1);

-- --------------------------------------------------------

--
-- Table structure for table `permissions`
--

CREATE TABLE `permissions` (
  `id` int(11) NOT NULL,
  `name` varchar(150) NOT NULL
) ENGINE=InnoDB DEFAULT CHARSET=utf8;

--
-- Dumping data for table `permissions`
--

INSERT INTO `permissions` (`id`, `name`) VALUES
(1, 'User'),
(2, 'Administrator');

-- --------------------------------------------------------

--
-- Table structure for table `permission_page_matches`
--

CREATE TABLE `permission_page_matches` (
  `id` int(11) NOT NULL,
  `permission_id` int(15) NOT NULL,
  `page_id` int(15) NOT NULL
) ENGINE=InnoDB DEFAULT CHARSET=utf8;

--
-- Dumping data for table `permission_page_matches`
--

INSERT INTO `permission_page_matches` (`id`, `permission_id`, `page_id`) VALUES
(2, 2, 27),
(3, 1, 24),
(4, 1, 22),
(5, 2, 13),
(6, 2, 12),
(7, 1, 11),
(8, 2, 10),
(9, 2, 9),
(10, 2, 8),
(11, 2, 7),
(12, 2, 6),
(13, 2, 5),
(14, 2, 4),
(15, 1, 3),
(16, 2, 37),
(17, 2, 39),
(19, 2, 40),
(21, 2, 41),
(23, 2, 42),
(27, 1, 42),
(28, 1, 27),
(29, 1, 41),
(30, 1, 40),
(31, 2, 44),
(32, 2, 47),
(33, 2, 51),
(34, 2, 50),
(35, 2, 49),
(36, 2, 53),
(37, 2, 52),
(38, 2, 68),
(39, 2, 55),
(40, 2, 56),
(41, 2, 71),
(42, 2, 58),
(43, 2, 57),
(44, 2, 53),
(45, 2, 74),
(46, 2, 75),
(47, 1, 75),
(48, 1, 76),
(49, 2, 76),
(50, 1, 77),
(51, 2, 77),
(52, 2, 78),
(53, 2, 80),
(54, 1, 81),
(55, 1, 82),
(56, 1, 83),
(57, 2, 84);

-- --------------------------------------------------------

--
-- Table structure for table `profiles`
--

CREATE TABLE `profiles` (
  `id` int(11) NOT NULL,
  `user_id` int(11) NOT NULL,
  `bio` text NOT NULL
) ENGINE=InnoDB DEFAULT CHARSET=utf8;

--
-- Dumping data for table `profiles`
--

INSERT INTO `profiles` (`id`, `user_id`, `bio`) VALUES
(1, 1, '<h1>This is the Admin''s bio.</h1>'),
(2, 2, 'This is your bio');

-- --------------------------------------------------------

--
-- Table structure for table `settings`
--

CREATE TABLE `settings` (
  `id` int(50) NOT NULL,
  `recaptcha` int(1) NOT NULL DEFAULT '0',
  `force_ssl` int(1) NOT NULL,
  `css_sample` int(1) NOT NULL,
  `us_css1` varchar(255) NOT NULL,
  `us_css2` varchar(255) NOT NULL,
  `us_css3` varchar(255) NOT NULL,
  `site_name` varchar(100) NOT NULL,
  `language` varchar(255) NOT NULL,
  `track_guest` int(1) NOT NULL,
  `site_offline` int(1) NOT NULL,
  `force_pr` int(1) NOT NULL,
  `glogin` int(1) NOT NULL DEFAULT '0',
  `fblogin` int(1) NOT NULL,
  `gid` varchar(255) NOT NULL,
  `gsecret` varchar(255) NOT NULL,
  `gredirect` varchar(255) NOT NULL,
  `ghome` varchar(255) NOT NULL,
  `fbid` varchar(255) NOT NULL,
  `fbsecret` varchar(255) NOT NULL,
  `fbcallback` varchar(255) NOT NULL,
  `graph_ver` varchar(255) NOT NULL,
  `finalredir` varchar(255) NOT NULL,
  `req_cap` int(1) NOT NULL,
  `req_num` int(1) NOT NULL,
  `min_pw` int(2) NOT NULL,
  `max_pw` int(3) NOT NULL,
  `min_un` int(2) NOT NULL,
  `max_un` int(3) NOT NULL,
  `messaging` int(1) NOT NULL,
  `snooping` int(1) NOT NULL,
  `echouser` int(11) NOT NULL,
  `wys` int(1) NOT NULL,
  `change_un` int(1) NOT NULL,
  `backup_dest` varchar(255) NOT NULL,
  `backup_source` varchar(255) NOT NULL,
  `backup_table` varchar(255) NOT NULL,
  `msg_notification` int(1) NOT NULL,
  `permission_restriction` int(1) NOT NULL,
  `auto_assign_un` int(1) NOT NULL,
  `page_permission_restriction` int(1) NOT NULL,
  `msg_blocked_users` int(1) NOT NULL,
  `msg_default_to` int(1) NOT NULL,
  `notifications` int(1) NOT NULL,
  `notif_daylimit` int(3) NOT NULL,
  `recap_public` varchar(100) NOT NULL,
  `recap_private` varchar(100) NOT NULL,
  `page_default_private` int(1) NOT NULL,
  `navigation_type` tinyint(1) NOT NULL,
  `copyright` varchar(255) NOT NULL,
  `custom_settings` int(1) NOT NULL,
  `system_announcement` varchar(255) NOT NULL,
  `twofa` int(1) DEFAULT '0',
  `force_notif` tinyint(1) DEFAULT NULL,
  `cron_ip` varchar(255) DEFAULT NULL,
  `registration` tinyint(1) DEFAULT NULL,
  `join_vericode_expiry` int(9) UNSIGNED NOT NULL,
  `reset_vericode_expiry` int(9) UNSIGNED NOT NULL,
  `admin_verify` tinyint(1) NOT NULL,
  `admin_verify_timeout` int(9) NOT NULL,
  `session_manager` tinyint(1) NOT NULL
) ENGINE=InnoDB DEFAULT CHARSET=utf8;

--
-- Dumping data for table `settings`
--

INSERT INTO `settings` (`id`, `recaptcha`, `force_ssl`, `css_sample`, `us_css1`, `us_css2`, `us_css3`, `site_name`, `language`, `track_guest`, `site_offline`, `force_pr`, `glogin`, `fblogin`, `gid`, `gsecret`, `gredirect`, `ghome`, `fbid`, `fbsecret`, `fbcallback`, `graph_ver`, `finalredir`, `req_cap`, `req_num`, `min_pw`, `max_pw`, `min_un`, `max_un`, `messaging`, `snooping`, `echouser`, `wys`, `change_un`, `backup_dest`, `backup_source`, `backup_table`, `msg_notification`, `permission_restriction`, `auto_assign_un`, `page_permission_restriction`, `msg_blocked_users`, `msg_default_to`, `notifications`, `notif_daylimit`, `recap_public`, `recap_private`, `page_default_private`, `navigation_type`, `copyright`, `custom_settings`, `system_announcement`, `twofa`, `force_notif`, `cron_ip`, `registration`, `join_vericode_expiry`, `reset_vericode_expiry`, `admin_verify`, `admin_verify_timeout`, `session_manager`) VALUES
(1, 0, 0, 0, '../users/css/color_schemes/bootstrap.min.css', '../users/css/sb-admin.css', '../users/css/custom.css', 'UserSpice', 'en', 1, 0, 0, 0, 0, '', '', '', '', '', '', '', '', '', 0, 0, 6, 30, 4, 30, 1, 1, 0, 1, 0, '/', 'everything', '', 0, 0, 0, 0, 0, 1, 0, 7, '6LeIxAcTAAAAAJcZVRqyHh71UMIEGNQ_MXjiZKhI', '6LeIxAcTAAAAAGG-vFI1TnRWxMZNFuojJ4WifJWe', 1, 1, 'UserSpice', 1, '', 0, 0, 'off', 1, 24, 15, 1, 120, 0);

-- --------------------------------------------------------

--
-- Table structure for table `updates`
--

CREATE TABLE `updates` (
  `id` int(11) NOT NULL,
  `migration` varchar(15) NOT NULL,
  `applied_on` timestamp NOT NULL DEFAULT CURRENT_TIMESTAMP ON UPDATE CURRENT_TIMESTAMP
) ENGINE=InnoDB DEFAULT CHARSET=latin1;

--
-- Dumping data for table `updates`
--

INSERT INTO `updates` (`id`, `migration`, `applied_on`) VALUES
(15, '1XdrInkjV86F', '2018-02-18 22:33:24'),
(16, '3GJYaKcqUtw7', '2018-04-25 16:51:08'),
(17, '3GJYaKcqUtz8', '2018-04-25 16:51:08'),
(18, '69qa8h6E1bzG', '2018-04-25 16:51:08'),
(19, '2XQjsKYJAfn1', '2018-04-25 16:51:08'),
(20, '549DLFeHMNw7', '2018-04-25 16:51:08'),
(21, '4Dgt2XVjgz2x', '2018-04-25 16:51:08'),
(22, 'VLBp32gTWvEo', '2018-04-25 16:51:08'),
(23, 'Q3KlhjdtxE5X', '2018-04-25 16:51:08'),
(24, 'ug5D3pVrNvfS', '2018-04-25 16:51:08'),
(25, '69FbVbv4Jtrz', '2018-04-25 16:51:09'),
(26, '4A6BdJHyvP4a', '2018-04-25 16:51:09'),
(27, '37wvsb5BzymK', '2018-04-25 16:51:09'),
(28, 'c7tZQf926zKq', '2018-04-25 16:51:09'),
(29, 'ockrg4eU33GP', '2018-04-25 16:51:09'),
(30, 'XX4zArPs4tor', '2018-04-25 16:51:09'),
(31, 'pv7r2EHbVvhD', '2018-04-26 00:00:00'),
(32, 'uNT7NpgcBDFD', '2018-04-26 00:00:00');

-- --------------------------------------------------------

--
-- Table structure for table `users`
--

CREATE TABLE `users` (
  `id` int(11) NOT NULL,
  `email` varchar(155) NOT NULL,
  `email_new` varchar(155) DEFAULT NULL,
  `username` varchar(255) NOT NULL,
  `password` varchar(255) DEFAULT NULL,
  `pin` varchar(255) DEFAULT NULL,
  `fname` varchar(255) NOT NULL,
  `lname` varchar(255) NOT NULL,
  `permissions` int(11) NOT NULL,
  `logins` int(100) NOT NULL,
  `account_owner` tinyint(4) NOT NULL DEFAULT '0',
  `account_id` int(11) NOT NULL DEFAULT '0',
  `company` varchar(255) NOT NULL,
  `join_date` datetime NOT NULL,
  `last_login` datetime NOT NULL,
  `email_verified` tinyint(4) NOT NULL DEFAULT '0',
  `vericode` varchar(15) NOT NULL,
  `vericode_expiry` timestamp NOT NULL DEFAULT CURRENT_TIMESTAMP ON UPDATE CURRENT_TIMESTAMP,
  `active` int(1) NOT NULL,
  `oauth_provider` varchar(255) CHARACTER SET utf8 COLLATE utf8_unicode_ci NOT NULL,
  `oauth_uid` varchar(255) CHARACTER SET utf8 COLLATE utf8_unicode_ci NOT NULL,
  `gender` varchar(10) CHARACTER SET utf8 COLLATE utf8_unicode_ci NOT NULL,
  `locale` varchar(10) CHARACTER SET utf8 COLLATE utf8_unicode_ci NOT NULL,
  `gpluslink` varchar(255) CHARACTER SET utf8 COLLATE utf8_unicode_ci NOT NULL,
  `picture` varchar(255) CHARACTER SET utf8 COLLATE utf8_unicode_ci NOT NULL,
  `created` datetime NOT NULL,
  `modified` datetime NOT NULL,
  `fb_uid` varchar(255) NOT NULL,
  `un_changed` int(1) NOT NULL,
  `msg_exempt` int(1) NOT NULL DEFAULT '0',
  `last_confirm` datetime DEFAULT NULL,
  `protected` int(1) NOT NULL DEFAULT '0',
  `dev_user` int(1) NOT NULL DEFAULT '0',
  `msg_notification` int(1) NOT NULL DEFAULT '1',
  `force_pr` int(1) NOT NULL DEFAULT '0',
  `twoKey` varchar(16) DEFAULT NULL,
  `twoEnabled` int(1) DEFAULT '0',
  `twoDate` datetime DEFAULT NULL,
  `cloak_allowed` tinyint(1) NOT NULL DEFAULT '0'
) ENGINE=InnoDB DEFAULT CHARSET=utf8;

--
-- Dumping data for table `users`
--

INSERT INTO `users` (`id`, `email`, `email_new`, `username`, `password`, `pin`, `fname`, `lname`, `permissions`, `logins`, `account_owner`, `account_id`, `company`, `join_date`, `last_login`, `email_verified`, `vericode`, `vericode_expiry`, `active`, `oauth_provider`, `oauth_uid`, `gender`, `locale`, `gpluslink`, `picture`, `created`, `modified`, `fb_uid`, `un_changed`, `msg_exempt`, `last_confirm`, `protected`, `dev_user`, `msg_notification`, `force_pr`, `twoKey`, `twoEnabled`, `twoDate`, `cloak_allowed`) VALUES
(1, 'userspicephp@gmail.com', NULL, 'admin', '$2y$12$1v06jm2KMOXuuo3qP7erTuTIJFOnzhpds1Moa8BadnUUeX0RV3ex.', NULL, 'The', 'Admin', 1, 0, 1, 0, 'UserSpice', '2016-01-01 00:00:00', '2017-10-09 15:20:34', 1, 'nlPsJDtyeqFWsS', '2018-04-25 16:51:08', 0, '', '', '', '', '', '', '0000-00-00 00:00:00', '1899-11-30 00:00:00', '', 0, 1, '2017-10-08 15:24:37', 1, 0, 1, 0, NULL, 0, NULL, 0),
(2, 'noreply@userspice.com', NULL, 'user', '$2y$12$HZa0/d7evKvuHO8I3U8Ff.pOjJqsGTZqlX8qURratzP./EvWetbkK', NULL, 'Sample', 'User', 1, 0, 1, 0, 'none', '2016-01-02 00:00:00', '2017-10-08 15:47:41', 1, '2ENJN4xD8nnjOgk', '2018-04-25 16:51:08', 1, '', '', '', '', '', '', '0000-00-00 00:00:00', '0000-00-00 00:00:00', '', 0, 0, NULL, 0, 0, 1, 0, NULL, 0, NULL, 0);

-- --------------------------------------------------------

--
-- Table structure for table `users_online`
--

CREATE TABLE `users_online` (
  `id` int(10) NOT NULL,
  `ip` varchar(15) NOT NULL,
  `timestamp` varchar(15) NOT NULL,
  `user_id` int(10) NOT NULL,
  `session` varchar(50) NOT NULL
) ENGINE=InnoDB DEFAULT CHARSET=utf8;

--
-- Dumping data for table `users_online`
--

INSERT INTO `users_online` (`id`, `ip`, `timestamp`, `user_id`, `session`) VALUES
(1, '::1', '1524675073', 1, '');

-- --------------------------------------------------------

--
-- Table structure for table `users_session`
--

CREATE TABLE `users_session` (
  `id` int(11) NOT NULL,
  `user_id` int(11) NOT NULL,
  `hash` varchar(255) NOT NULL,
  `uagent` text
) ENGINE=InnoDB DEFAULT CHARSET=utf8;

-- --------------------------------------------------------

--
-- Table structure for table `user_permission_matches`
--

CREATE TABLE `user_permission_matches` (
  `id` int(11) NOT NULL,
  `user_id` int(11) NOT NULL,
  `permission_id` int(11) NOT NULL
) ENGINE=InnoDB DEFAULT CHARSET=utf8;

--
-- Dumping data for table `user_permission_matches`
--

INSERT INTO `user_permission_matches` (`id`, `user_id`, `permission_id`) VALUES
(100, 1, 1),
(101, 1, 2),
(102, 2, 1);

-- --------------------------------------------------------

--
-- Table structure for table `us_fingerprints`
--

CREATE TABLE `us_fingerprints` (
  `kFingerprintID` int(11) UNSIGNED NOT NULL,
  `fkUserID` int(11) NOT NULL,
  `Fingerprint` varchar(32) NOT NULL,
  `Fingerprint_Expiry` datetime NOT NULL,
  `Fingerprint_Added` timestamp NOT NULL DEFAULT CURRENT_TIMESTAMP ON UPDATE CURRENT_TIMESTAMP
) ENGINE=InnoDB DEFAULT CHARSET=latin1;

-- --------------------------------------------------------

--
-- Table structure for table `us_fingerprint_assets`
--

CREATE TABLE `us_fingerprint_assets` (
  `kFingerprintAssetID` int(11) UNSIGNED NOT NULL,
  `fkFingerprintID` int(11) NOT NULL,
  `IP_Address` varchar(255) NOT NULL,
  `User_Browser` varchar(255) NOT NULL,
  `User_OS` varchar(255) NOT NULL
) ENGINE=InnoDB DEFAULT CHARSET=latin1;

-- --------------------------------------------------------

--
-- Table structure for table `us_forms`
--

CREATE TABLE `us_forms` (
  `id` int(11) NOT NULL,
  `form` varchar(255) NOT NULL
) ENGINE=InnoDB DEFAULT CHARSET=latin1;

-- --------------------------------------------------------

--
-- Table structure for table `us_form_validation`
--

CREATE TABLE `us_form_validation` (
  `id` int(11) NOT NULL,
  `value` varchar(255) NOT NULL,
  `description` varchar(255) NOT NULL,
  `params` varchar(255) NOT NULL
) ENGINE=InnoDB DEFAULT CHARSET=latin1;

--
-- Dumping data for table `us_form_validation`
--

INSERT INTO `us_form_validation` (`id`, `value`, `description`, `params`) VALUES
(1, 'min', 'Minimum # of Characters', 'number'),
(2, 'max', 'Maximum # of Characters', 'number'),
(3, 'is_numeric', 'Must be a number', 'true'),
(4, 'valid_email', 'Must be a valid email address', 'true'),
(5, '<', 'Must be a number less than', 'number'),
(6, '>', 'Must be a number greater than', 'number'),
(7, '<=', 'Must be a number less than or equal to', 'number'),
(8, '>=', 'Must be a number greater than or equal to', 'number'),
(9, '!=', 'Must not be equal to', 'text'),
(10, '==', 'Must be equal to', 'text'),
(11, 'is_integer', 'Must be an integer', 'true'),
(12, 'is_timezone', 'Must be a valid timezone name', 'true'),
(13, 'is_datetime', 'Must be a valid DateTime', 'true');

-- --------------------------------------------------------

--
-- Table structure for table `us_form_views`
--

CREATE TABLE `us_form_views` (
  `id` int(11) NOT NULL,
  `form_name` varchar(255) NOT NULL,
  `view_name` varchar(255) NOT NULL,
  `fields` text NOT NULL
) ENGINE=InnoDB DEFAULT CHARSET=latin1;

-- --------------------------------------------------------

--
-- Table structure for table `us_ip_blacklist`
--

CREATE TABLE `us_ip_blacklist` (
  `id` int(11) NOT NULL,
  `ip` varchar(50) NOT NULL,
  `last_user` int(11) NOT NULL DEFAULT '0',
  `reason` int(11) NOT NULL DEFAULT '0'
) ENGINE=InnoDB DEFAULT CHARSET=latin1;

--
-- Dumping data for table `us_ip_blacklist`
--

INSERT INTO `us_ip_blacklist` (`id`, `ip`, `last_user`, `reason`) VALUES
(3, '192.168.0.21', 1, 0),
(4, '192.168.0.22', 1, 0),
(10, '192.168.0.222', 0, 0);

-- --------------------------------------------------------

--
-- Table structure for table `us_ip_list`
--

CREATE TABLE `us_ip_list` (
  `id` int(11) NOT NULL,
  `ip` varchar(50) NOT NULL,
  `user_id` int(11) NOT NULL,
  `timestamp` timestamp NOT NULL DEFAULT CURRENT_TIMESTAMP ON UPDATE CURRENT_TIMESTAMP
) ENGINE=InnoDB DEFAULT CHARSET=latin1;

--
-- Dumping data for table `us_ip_list`
--

INSERT INTO `us_ip_list` (`id`, `ip`, `user_id`, `timestamp`) VALUES
(1, '::1', 1, '2017-10-09 15:20:03');

-- --------------------------------------------------------

--
-- Table structure for table `us_ip_whitelist`
--

CREATE TABLE `us_ip_whitelist` (
  `id` int(11) NOT NULL,
  `ip` varchar(50) NOT NULL
) ENGINE=InnoDB DEFAULT CHARSET=latin1;

--
-- Dumping data for table `us_ip_whitelist`
--

INSERT INTO `us_ip_whitelist` (`id`, `ip`) VALUES
(2, '192.168.0.21'),
(3, '192.168.0.23');

-- --------------------------------------------------------

--
-- Table structure for table `us_user_sessions`
--

CREATE TABLE `us_user_sessions` (
  `kUserSessionID` int(11) UNSIGNED NOT NULL,
  `fkUserID` int(11) UNSIGNED NOT NULL,
  `UserFingerprint` varchar(255) NOT NULL,
  `UserSessionIP` varchar(255) NOT NULL,
  `UserSessionOS` varchar(255) NOT NULL,
  `UserSessionBrowser` varchar(255) NOT NULL,
  `UserSessionStarted` datetime NOT NULL,
  `UserSessionLastUsed` datetime DEFAULT NULL,
  `UserSessionLastPage` varchar(255) NOT NULL,
  `UserSessionEnded` tinyint(1) NOT NULL DEFAULT '0',
  `UserSessionEnded_Time` datetime DEFAULT NULL
) ENGINE=InnoDB DEFAULT CHARSET=latin1;

--
-- Indexes for table `audit`
--
ALTER TABLE `audit`
  ADD PRIMARY KEY (`id`);

--
-- Indexes for table `crons`
--
ALTER TABLE `crons`
  ADD PRIMARY KEY (`id`);

--
-- Indexes for table `crons_logs`
--
ALTER TABLE `crons_logs`
  ADD PRIMARY KEY (`id`);

--
-- Indexes for table `email`
--
ALTER TABLE `email`
  ADD PRIMARY KEY (`id`);

--
-- Indexes for table `groups_menus`
--
ALTER TABLE `groups_menus`
  ADD PRIMARY KEY (`id`),
  ADD KEY `group_id` (`group_id`),
  ADD KEY `menu_id` (`menu_id`);

--
-- Indexes for table `keys`
--
ALTER TABLE `keys`
  ADD PRIMARY KEY (`id`);

--
-- Indexes for table `logs`
--
ALTER TABLE `logs`
  ADD PRIMARY KEY (`id`);

--
-- Indexes for table `logs_exempt`
--
ALTER TABLE `logs_exempt`
  ADD PRIMARY KEY (`id`),
  ADD UNIQUE KEY `logs_exempt_type` (`name`);

--
-- Indexes for table `menus`
--
ALTER TABLE `menus`
  ADD PRIMARY KEY (`id`);

--
-- Indexes for table `messages`
--
ALTER TABLE `messages`
  ADD PRIMARY KEY (`id`);

--
-- Indexes for table `message_threads`
--
ALTER TABLE `message_threads`
  ADD PRIMARY KEY (`id`);

--
-- Indexes for table `mqtt`
--
ALTER TABLE `mqtt`
  ADD PRIMARY KEY (`id`);

--
-- Indexes for table `notifications`
--
ALTER TABLE `notifications`
  ADD PRIMARY KEY (`id`);

--
-- Indexes for table `pages`
--
ALTER TABLE `pages`
  ADD PRIMARY KEY (`id`);

--
-- Indexes for table `permissions`
--
ALTER TABLE `permissions`
  ADD PRIMARY KEY (`id`);

--
-- Indexes for table `permission_page_matches`
--
ALTER TABLE `permission_page_matches`
  ADD PRIMARY KEY (`id`);

--
-- Indexes for table `profiles`
--
ALTER TABLE `profiles`
  ADD PRIMARY KEY (`id`);

--
-- Indexes for table `settings`
--
ALTER TABLE `settings`
  ADD PRIMARY KEY (`id`);

--
-- Indexes for table `updates`
--
ALTER TABLE `updates`
  ADD PRIMARY KEY (`id`);

--
-- Indexes for table `users`
--
ALTER TABLE `users`
  ADD PRIMARY KEY (`id`),
  ADD KEY `EMAIL` (`email`) USING BTREE;

--
-- Indexes for table `users_online`
--
ALTER TABLE `users_online`
  ADD PRIMARY KEY (`id`);

--
-- Indexes for table `users_session`
--
ALTER TABLE `users_session`
  ADD PRIMARY KEY (`id`);

--
-- Indexes for table `user_permission_matches`
--
ALTER TABLE `user_permission_matches`
  ADD PRIMARY KEY (`id`);

--
-- Indexes for table `us_fingerprints`
--
ALTER TABLE `us_fingerprints`
  ADD PRIMARY KEY (`kFingerprintID`);

--
-- Indexes for table `us_fingerprint_assets`
--
ALTER TABLE `us_fingerprint_assets`
  ADD PRIMARY KEY (`kFingerprintAssetID`);

--
-- Indexes for table `us_forms`
--
ALTER TABLE `us_forms`
  ADD PRIMARY KEY (`id`);

--
-- Indexes for table `us_form_validation`
--
ALTER TABLE `us_form_validation`
  ADD PRIMARY KEY (`id`);

--
-- Indexes for table `us_form_views`
--
ALTER TABLE `us_form_views`
  ADD PRIMARY KEY (`id`);

--
-- Indexes for table `us_ip_blacklist`
--
ALTER TABLE `us_ip_blacklist`
  ADD PRIMARY KEY (`id`);

--
-- Indexes for table `us_ip_list`
--
ALTER TABLE `us_ip_list`
  ADD PRIMARY KEY (`id`);

--
-- Indexes for table `us_ip_whitelist`
--
ALTER TABLE `us_ip_whitelist`
  ADD PRIMARY KEY (`id`);

--
-- Indexes for table `us_user_sessions`
--
ALTER TABLE `us_user_sessions`
  ADD PRIMARY KEY (`kUserSessionID`);

--
-- AUTO_INCREMENT for dumped tables
--

--
-- AUTO_INCREMENT for table `audit`
--
ALTER TABLE `audit`
  MODIFY `id` int(11) NOT NULL AUTO_INCREMENT, AUTO_INCREMENT=5;
--
-- AUTO_INCREMENT for table `crons`
--
ALTER TABLE `crons`
  MODIFY `id` int(11) NOT NULL AUTO_INCREMENT, AUTO_INCREMENT=2;
--
-- AUTO_INCREMENT for table `crons_logs`
--
ALTER TABLE `crons_logs`
  MODIFY `id` int(11) NOT NULL AUTO_INCREMENT;
--
-- AUTO_INCREMENT for table `email`
--
ALTER TABLE `email`
  MODIFY `id` int(11) NOT NULL AUTO_INCREMENT, AUTO_INCREMENT=2;
--
-- AUTO_INCREMENT for table `groups_menus`
--
ALTER TABLE `groups_menus`
  MODIFY `id` int(11) NOT NULL AUTO_INCREMENT, AUTO_INCREMENT=38;
--
-- AUTO_INCREMENT for table `keys`
--
ALTER TABLE `keys`
  MODIFY `id` int(11) NOT NULL AUTO_INCREMENT;
--
-- AUTO_INCREMENT for table `logs`
--
ALTER TABLE `logs`
  MODIFY `id` int(11) NOT NULL AUTO_INCREMENT, AUTO_INCREMENT=120;
--
-- AUTO_INCREMENT for table `logs_exempt`
--
ALTER TABLE `logs_exempt`
  MODIFY `id` int(11) NOT NULL AUTO_INCREMENT;
--
-- AUTO_INCREMENT for table `menus`
--
ALTER TABLE `menus`
  MODIFY `id` int(10) NOT NULL AUTO_INCREMENT, AUTO_INCREMENT=23;
--
-- AUTO_INCREMENT for table `messages`
--
ALTER TABLE `messages`
  MODIFY `id` int(11) NOT NULL AUTO_INCREMENT, AUTO_INCREMENT=3;
--
-- AUTO_INCREMENT for table `message_threads`
--
ALTER TABLE `message_threads`
  MODIFY `id` int(11) NOT NULL AUTO_INCREMENT, AUTO_INCREMENT=3;
--
-- AUTO_INCREMENT for table `mqtt`
--
ALTER TABLE `mqtt`
  MODIFY `id` int(11) NOT NULL AUTO_INCREMENT, AUTO_INCREMENT=3;
--
-- AUTO_INCREMENT for table `notifications`
--
ALTER TABLE `notifications`
  MODIFY `id` int(11) UNSIGNED NOT NULL AUTO_INCREMENT, AUTO_INCREMENT=11;
--
-- AUTO_INCREMENT for table `pages`
--
ALTER TABLE `pages`
  MODIFY `id` int(11) NOT NULL AUTO_INCREMENT, AUTO_INCREMENT=85;
--
-- AUTO_INCREMENT for table `permissions`
--
ALTER TABLE `permissions`
  MODIFY `id` int(11) NOT NULL AUTO_INCREMENT, AUTO_INCREMENT=3;
--
-- AUTO_INCREMENT for table `permission_page_matches`
--
ALTER TABLE `permission_page_matches`
  MODIFY `id` int(11) NOT NULL AUTO_INCREMENT, AUTO_INCREMENT=58;
--
-- AUTO_INCREMENT for table `profiles`
--
ALTER TABLE `profiles`
  MODIFY `id` int(11) NOT NULL AUTO_INCREMENT, AUTO_INCREMENT=11;
--
-- AUTO_INCREMENT for table `settings`
--
ALTER TABLE `settings`
  MODIFY `id` int(50) NOT NULL AUTO_INCREMENT, AUTO_INCREMENT=2;
--
-- AUTO_INCREMENT for table `updates`
--
ALTER TABLE `updates`
  MODIFY `id` int(11) NOT NULL AUTO_INCREMENT, AUTO_INCREMENT=31;
--
-- AUTO_INCREMENT for table `users`
--
ALTER TABLE `users`
  MODIFY `id` int(11) NOT NULL AUTO_INCREMENT, AUTO_INCREMENT=11;
--
-- AUTO_INCREMENT for table `users_online`
--
ALTER TABLE `users_online`
  MODIFY `id` int(10) NOT NULL AUTO_INCREMENT, AUTO_INCREMENT=3;
--
-- AUTO_INCREMENT for table `users_session`
--
ALTER TABLE `users_session`
  MODIFY `id` int(11) NOT NULL AUTO_INCREMENT;
--
-- AUTO_INCREMENT for table `user_permission_matches`
--
ALTER TABLE `user_permission_matches`
  MODIFY `id` int(11) NOT NULL AUTO_INCREMENT, AUTO_INCREMENT=111;
--
-- AUTO_INCREMENT for table `us_fingerprints`
--
ALTER TABLE `us_fingerprints`
  MODIFY `kFingerprintID` int(11) UNSIGNED NOT NULL AUTO_INCREMENT;
--
-- AUTO_INCREMENT for table `us_fingerprint_assets`
--
ALTER TABLE `us_fingerprint_assets`
  MODIFY `kFingerprintAssetID` int(11) UNSIGNED NOT NULL AUTO_INCREMENT;
--
-- AUTO_INCREMENT for table `us_forms`
--
ALTER TABLE `us_forms`
  MODIFY `id` int(11) NOT NULL AUTO_INCREMENT;
--
-- AUTO_INCREMENT for table `us_form_validation`
--
ALTER TABLE `us_form_validation`
  MODIFY `id` int(11) NOT NULL AUTO_INCREMENT, AUTO_INCREMENT=14;
--
-- AUTO_INCREMENT for table `us_form_views`
--
ALTER TABLE `us_form_views`
  MODIFY `id` int(11) NOT NULL AUTO_INCREMENT;
--
-- AUTO_INCREMENT for table `us_ip_blacklist`
--
ALTER TABLE `us_ip_blacklist`
  MODIFY `id` int(11) NOT NULL AUTO_INCREMENT, AUTO_INCREMENT=11;
--
-- AUTO_INCREMENT for table `us_ip_list`
--
ALTER TABLE `us_ip_list`
  MODIFY `id` int(11) NOT NULL AUTO_INCREMENT, AUTO_INCREMENT=2;
--
-- AUTO_INCREMENT for table `us_ip_whitelist`
--
ALTER TABLE `us_ip_whitelist`
  MODIFY `id` int(11) NOT NULL AUTO_INCREMENT, AUTO_INCREMENT=7;
--
-- AUTO_INCREMENT for table `us_user_sessions`
--
ALTER TABLE `us_user_sessions`
  MODIFY `kUserSessionID` int(11) UNSIGNED NOT NULL AUTO_INCREMENT, AUTO_INCREMENT=2;
/*!40101 SET CHARACTER_SET_CLIENT=@OLD_CHARACTER_SET_CLIENT */;
/*!40101 SET CHARACTER_SET_RESULTS=@OLD_CHARACTER_SET_RESULTS */;
/*!40101 SET COLLATION_CONNECTION=@OLD_COLLATION_CONNECTION */;
